2026-05-10_23-12-52,0,lista.go:2026-05-10_23-12-52;main.go:2026-05-10_23-12-52
2026-05-10_23-19-26,0,lista.go:2026-05-10_23-12-52;main.go:2026-05-10_23-12-52
2026-05-10_23-23-39,0,lista.go:2026-05-10_23-12-52;main.go:2026-05-10_23-12-52
2026-05-10_23-37-05,0,lista.go:2026-05-10_23-12-52;main.go:2026-05-10_23-12-52
2026-05-10_23-48-21,0,lista.go:2026-05-10_23-12-52;main.go:2026-05-10_23-12-52
2026-05-24_01-20-24,0,lista.go:2026-05-10_23-12-52;main.go:2026-05-10_23-12-52
2026-05-25_16-27-36,0,lista.go:2026-05-25_16-27-36;main.go:2026-05-25_16-27-36
2026-05-26_18-15-48,0,lista.go:2026-05-26_18-15-48;main.go:2026-05-25_16-27-36
2026-06-03_02-00-41,0,lista.go:2026-06-03_02-00-41;main.go:2026-05-25_16-27-36
2026-06-05_23-09-15,0,lista.go:2026-06-05_23-09-15;main.go:2026-06-05_23-09-15
2026-06-05_23-09-26,0,lista.go:2026-06-05_23-09-15;main.go:2026-06-05_23-09-15
2026-06-05_23-09-30,0,lista.go:2026-06-05_23-09-15;main.go:2026-06-05_23-09-15
2026-06-05_23-11-28,0,lista.go:2026-06-05_23-09-15;main.go:2026-06-05_23-09-15
2026-06-05_23-11-43,0,lista.go:2026-06-05_23-09-15;main.go:2026-06-05_23-09-15
2026-06-06_22-36-36,0,lista.go:2026-06-05_23-09-15;main.go:2026-06-05_23-09-15
2026-06-06_22-41-22,0,lista.go:2026-06-05_23-09-15;main.go:2026-06-06_22-41-22
2026-06-06_22-43-13,0,lista.go:2026-06-05_23-09-15;main.go:2026-06-06_22-41-22
