2026-04-01_10-42-37,0,shell.go:2026-04-01_10-42-37
2026-04-01_10-43-05,0,shell.go:2026-04-01_10-43-05
2026-04-01_10-46-10,0,shell.go:2026-04-01_10-46-10
2026-04-01_10-46-36,12,shell.go:2026-04-01_10-46-36
2026-04-01_10-49-00,12,shell.go:2026-04-01_10-49-00
2026-04-01_10-49-34,12,shell.go:2026-04-01_10-49-34
2026-05-26_02-39-19,12,shell.go:2026-04-01_10-49-34
2026-05-26_02-40-15,12,shell.go:2026-04-01_10-49-34
2026-05-26_02-45-18,0,shell.go:2026-05-26_02-45-18
2026-05-26_02-45-38,12,shell.go:2026-05-26_02-45-38
2026-05-26_02-48-54,0,shell.go:2026-05-26_02-48-54
2026-05-26_02-49-29,12,shell.go:2026-05-26_02-49-29
2026-05-26_17-53-51,12,shell.go:2026-05-26_02-49-29
2026-05-26_17-56-31,12,shell.go:2026-05-26_17-56-31
2026-05-26_18-02-43,0,shell.go:2026-05-26_18-02-43
2026-05-26_18-02-53,12,shell.go:2026-05-26_18-02-53
2026-05-26_18-10-16,12,shell.go:2026-05-26_18-10-16
2026-05-26_18-11-20,12,shell.go:2026-05-26_18-11-20
